{"feature_cols": ["Close", "High", "Low", "Open", "Volume", "SMA_5", "SMA_10", "SMA_20", "SMA_50", "EMA_12", "EMA_26", "MACD", "MACD_Signal", "MACD_Hist", "RSI", "Stoch_K", "Stoch_D", "Williams_R", "BB_Upper", "BB_Lower", "BB_Width", "BB_Position", "ATR", "OBV", "OBV_SMA", "Momentum_5", "Momentum_10", "Momentum_20", "Vol_Ratio", "Vol_Change", "Returns", "Returns_5d", "Volatility_10", "Volatility_20", "Price_to_SMA20", "Price_to_SMA50", "SMA_Cross_5_20", "SMA_Cross_20_50", "Trend_Slope_5", "Trend_Slope_10", "Day_Sin", "Day_Cos", "Month_Sin", "Month_Cos"], "num_features": 44, "close_idx": 0, "scaler": {"center": [28.590375900268555, 29.135274515998667, 28.132128438394258, 28.631288694113564, 5547200.0, 28.61422233581543, 28.65891036987305, 28.674442291259766, 28.682659072875975, 28.743526816323772, 28.665200996508574, 0.00936184775443745, 0.00966340589584485, 0.0213633572600377, 50.85850848230036, 52.64476147719563, 52.046999129842405, -47.355238520059686, 31.15178639738575, 26.54929666985457, 0.17385385817844096, 0.5120623064682026, 1.0278326650287744, 555517400.0, 553009917.5, 0.0035204746403525, 0.0009519000661335, 0.00284982241872865, 0.9094583877461514, -0.01574087316542575, 0.00084307325302695, 0.0035204746403525, 0.0261602526757903, 0.02722566184490105, 0.0017519728963276, 0.00216368277975435, 0.01639463901519625, 0.0, 0.021363639831539098, 0.00716073585279055, 0.0, 0.3090169943749472, -2.4492935982947064e-16, -1.8369701987210294e-16], "scale": [15.558212280273434, 15.781125019090712, 15.334756714495736, 15.625806541105359, 4080950.0, 15.427447128295903, 15.543328619003294, 15.554196906089789, 15.259509115219117, 15.286060183343984, 15.386383693377859, 1.141031199230695, 1.0499181568768288, 0.3680054544902453, 25.91867227962819, 57.00714325517733, 54.23155517300133, 57.00714325488686, 16.40144896448701, 14.725683053181058, 0.12760548999746496, 0.5481512863284773, 0.4688000290491311, 742775675.0, 744208688.75, 0.08046964239763721, 0.12365382381533649, 0.1759773224967714, 0.3928651507708498, 0.43429844548424956, 0.0336598194675702, 0.08046964239763721, 0.014172587199446779, 0.011524478723917254, 0.09542392155425188, 0.15149465525713554, 2.015402477979659, 2.4432590699195877, 0.489513826370242, 0.35658929998224387, 1.1755705045849463, 1.1180339887498947, 1.3660254037844384, 1.3660254037844388]}, "backtest": {"ensemble_direction_accuracy": 52.7, "mae": 0.52, "rmse": 0.69, "mape": 2.35, "individual_models": [{"name": "conv-lstm", "direction_accuracy": 49.4}, {"name": "gru", "direction_accuracy": 51.8}, {"name": "deep-lstm", "direction_accuracy": 52.0}], "val_actual": [24.08, 24.13, 23.78, 24.35, 24.79, 23.99, 26.05, 23.39, 23.08, 22.69, 27.26, 24.8, 24.41, 26.3, 27.44, 25.11, 25.31, 24.69, 27.52, 24.83, 26.05, 25.01, 26.27, 26.19, 26.51, 26.56, 25.38, 27.04, 28.33, 25.61, 28.48, 27.52, 27.41, 29.09, 25.64, 28.96, 26.77, 29.94, 29.56, 29.04, 28.38, 28.52, 27.08, 30.42, 31.7, 33.07, 32.01, 30.37, 33.71, 32.98, 32.5, 31.07, 34.16, 34.26, 35.35, 34.61, 37.25, 37.37, 39.57, 40.19], "val_predictions": [24.52, 24.47, 24.18, 24.22, 24.38, 24.04, 24.9, 24.01, 23.43, 22.93, 24.86, 24.61, 24.33, 25.15, 26.11, 25.48, 25.31, 24.9, 26.12, 25.38, 25.76, 25.45, 25.96, 26.11, 26.28, 26.35, 25.83, 26.5, 27.44, 26.42, 27.4, 27.43, 27.38, 28.18, 26.81, 27.82, 27.24, 28.5, 28.94, 28.92, 28.6, 28.54, 27.79, 29.08, 30.4, 31.73, 31.86, 31.05, 32.3, 32.56, 32.48, 31.74, 32.89, 33.49, 34.35, 34.42, 35.76, 36.48, 37.9, 38.94]}, "model_names": ["conv-lstm", "gru", "deep-lstm"], "num_models": 3}