{"feature_cols": ["Close", "High", "Low", "Open", "Volume", "SMA_5", "SMA_10", "SMA_20", "SMA_50", "EMA_12", "EMA_26", "MACD", "MACD_Signal", "MACD_Hist", "RSI", "Stoch_K", "Stoch_D", "Williams_R", "BB_Upper", "BB_Lower", "BB_Width", "BB_Position", "ATR", "OBV", "OBV_SMA", "Momentum_5", "Momentum_10", "Momentum_20", "Vol_Ratio", "Vol_Change", "Returns", "Returns_5d", "Volatility_10", "Volatility_20", "Price_to_SMA20", "Price_to_SMA50", "SMA_Cross_5_20", "SMA_Cross_20_50", "Trend_Slope_5", "Trend_Slope_10", "Day_Sin", "Day_Cos", "Month_Sin", "Month_Cos"], "num_features": 44, "close_idx": 0, "scaler": {"center": [14.982643604278564, 15.361267038457466, 14.554093484136782, 14.903592835025771, 113300.0, 14.990965175628663, 14.925850725173948, 13.888412070274354, 12.954047603607178, 14.887666089849565, 13.985084552781153, 0.02166415753516165, 0.02223389087134745, 0.0005219201349344999, 50.769575952261775, 49.5794882511873, 48.85125137016611, -50.42051174385446, 16.297917370840683, 12.107741819570242, 0.16299079511306058, 0.5322685128179458, 0.714031956931851, 152600.0, 161665.0, 0.0011355105129224, 0.00157271615388295, 0.0025472079581527, 0.8174667683332834, -0.03091467896541125, 0.0, 0.0011355105129224, 0.02328756882511005, 0.024973712135691647, 0.0038573623335824, 0.009383455641970101, 0.027120125293731402, 0.0677669048309321, 2.3841857587354242e-08, 0.00254405917543365, 0.0, 0.3090169943749472, -2.4492935982947064e-16, -1.8369701987210294e-16], "scale": [22.214332222938538, 22.717823214814604, 21.71277981638596, 22.233113724245378, 201975.0, 22.219521069526674, 22.154737019538878, 22.133486652374266, 21.900705440044405, 22.29459617806217, 22.13512444688944, 0.51477915735746, 0.4778761343257055, 0.12792109940882565, 26.27944174132542, 51.42622459093783, 49.300244372251385, 51.42622457964463, 24.738069658699658, 19.717328246025467, 0.12003604178534871, 0.5411445907495913, 0.958475765604296, 1822775.0, 1765760.0, 0.07044905691916178, 0.1062966048812812, 0.16534670308950594, 0.6616151962403543, 0.8094692716957036, 0.02863548522065955, 0.07044905691916178, 0.013516224798412402, 0.011880472253050871, 0.08539286034980195, 0.14920539638590638, 0.719410604238512, 1.1127981710433958, 0.18743602037430102, 0.13161451238574368, 1.1755705045849463, 1.1180339887498947, 1.3660254037844384, 1.3660254037844388]}, "backtest": {"ensemble_direction_accuracy": 50.2, "mae": 0.7, "rmse": 1.13, "mape": 2.15, "individual_models": [{"name": "conv-lstm", "direction_accuracy": 47.3}, {"name": "gru", "direction_accuracy": 50.0}, {"name": "deep-lstm", "direction_accuracy": 49.8}], "val_actual": [33.63, 35.75, 34.27, 32.18, 33.37, 34.54, 35.38, 37.83, 39.72, 37.58, 38.13, 39.82, 46.88, 40.42, 37.91, 40.22, 43.66, 42.23, 43.06, 44.91, 42.24, 44.96, 58.62, 56.79, 52.89, 50.05, 50.56, 53.96, 50.12, 49.08, 60.57, 73.51, 60.87, 62.94, 52.77, 64.08, 56.36, 56.67, 59.38, 59.17, 55.2, 56.94, 55.41, 56.58, 58.58, 56.26, 55.9, 55.64, 53.23, 50.33, 47.88, 51.21, 50.29, 47.46, 46.04, 45.98, 49.09, 44.2, 42.02, 40.62], "val_predictions": [33.7, 34.75, 34.55, 33.37, 33.4, 34.0, 34.72, 36.27, 37.98, 37.8, 37.99, 38.91, 42.73, 41.58, 39.73, 39.99, 41.81, 42.04, 42.57, 43.75, 43.01, 44.0, 51.03, 53.86, 53.41, 51.73, 51.18, 52.59, 51.38, 50.26, 55.23, 64.03, 62.47, 62.74, 57.57, 60.78, 58.57, 57.66, 58.56, 58.9, 57.06, 57.02, 56.22, 56.41, 57.49, 56.87, 56.38, 56.0, 54.59, 52.41, 50.09, 50.63, 50.45, 48.93, 47.49, 46.76, 47.95, 46.07, 44.02, 42.3]}, "model_names": ["conv-lstm", "gru", "deep-lstm"], "num_models": 3}