{"feature_cols": ["Close", "High", "Low", "Open", "Volume", "SMA_5", "SMA_10", "SMA_20", "SMA_50", "EMA_12", "EMA_26", "MACD", "MACD_Signal", "MACD_Hist", "RSI", "Stoch_K", "Stoch_D", "Williams_R", "BB_Upper", "BB_Lower", "BB_Width", "BB_Position", "ATR", "OBV", "OBV_SMA", "Momentum_5", "Momentum_10", "Momentum_20", "Vol_Ratio", "Vol_Change", "Returns", "Returns_5d", "Volatility_10", "Volatility_20", "Price_to_SMA20", "Price_to_SMA50", "SMA_Cross_5_20", "SMA_Cross_20_50", "Trend_Slope_5", "Trend_Slope_10", "Day_Sin", "Day_Cos", "Month_Sin", "Month_Cos"], "num_features": 44, "close_idx": 0, "scaler": {"center": [197.8128433227539, 199.79249084421872, 195.23293058955898, 197.47712843805408, 6974350.0, 196.95318298339842, 196.72096633911133, 197.28670043945314, 196.63173278808594, 197.3717296310043, 197.53015677701143, 0.7900466250129909, 0.7633096829620891, 0.014437445206491449, 55.40286499318489, 67.03475401447214, 65.97149322681591, -32.96524598381019, 209.81987480191975, 184.89673840779471, 0.07185659320368146, 0.6474709169881941, 3.6928665941839793, 874231000.0, 870236255.0, 0.00515047567644985, 0.0092508925350537, 0.01589044636315865, 0.9285502987428051, -0.0032997354939401, 0.00143015893135115, 0.00515047567644985, 0.011109332135839999, 0.0115705274680858, 0.00889723250811965, 0.019749673114696248, 1.0038646697998104, 1.685988845825193, 0.15313415527342755, 0.16459558660333917, 0.0, 0.3090169943749472, -2.4492935982947064e-16, -1.8369701987210294e-16], "scale": [105.8519325256348, 106.06044216248816, 105.42247468285166, 105.28325194777068, 3444250.0, 105.08018684387204, 104.71234512329102, 103.35454025268555, 104.3448966217041, 103.57811042166293, 102.98483464911214, 2.7195602261121614, 2.5098903702852313, 0.8110056684612112, 22.464684114070643, 49.90113007083626, 46.77068148178728, 49.90113007111774, 107.94738879535177, 101.98052785901038, 0.051307311552882234, 0.4868364193690132, 2.8052356844095563, 422041600.0, 423630537.5, 0.03190013845829848, 0.04560118475656965, 0.06349632893221198, 0.3885469591561348, 0.43650695599560235, 0.0142700051292669, 0.03190013845829848, 0.007607209473499299, 0.006872621366698774, 0.034579132728621995, 0.057041253952736126, 4.72942085266115, 5.767492637634291, 1.3418905258178508, 0.8504576711943648, 1.1755705045849463, 1.1180339887498947, 1.3660254037844384, 1.3660254037844388]}, "backtest": {"ensemble_direction_accuracy": 53.7, "mae": 3.33, "rmse": 4.71, "mape": 1.04, "individual_models": [{"name": "conv-lstm", "direction_accuracy": 54.1}, {"name": "gru", "direction_accuracy": 52.2}, {"name": "deep-lstm", "direction_accuracy": 50.8}], "val_actual": [353.94, 356.17, 354.13, 353.49, 351.91, 347.11, 341.6, 360.53, 360.62, 353.48, 347.9, 346.61, 336.06, 312.6, 329.79, 325.66, 328.17, 322.69, 324.07, 326.77, 325.33, 330.14, 321.4, 328.03, 336.0, 311.52, 345.59, 323.43, 330.29, 327.64, 333.36, 319.03, 331.46, 330.31, 319.2, 304.29, 325.01, 321.1, 317.57, 322.98, 292.74, 307.92, 318.87, 320.45, 323.62, 320.88, 321.15, 320.11, 319.13, 314.94, 314.59, 312.9, 303.59, 304.06, 307.78, 313.11, 306.82, 289.87, 300.4, 303.54], "val_predictions": [351.34, 353.32, 353.78, 354.6, 354.55, 351.95, 348.17, 353.12, 355.03, 351.67, 348.52, 347.48, 340.82, 325.64, 327.36, 327.77, 328.63, 326.09, 325.79, 327.36, 327.28, 329.23, 325.83, 327.8, 332.69, 322.14, 333.71, 328.75, 329.9, 329.34, 332.01, 325.94, 329.23, 330.42, 325.09, 314.6, 320.24, 321.4, 320.22, 322.3, 307.83, 308.57, 314.58, 318.38, 321.64, 321.99, 322.82, 322.52, 321.33, 318.34, 317.28, 315.24, 309.35, 306.84, 307.8, 311.09, 309.99, 300.96, 301.71, 303.17]}, "model_names": ["conv-lstm", "gru", "deep-lstm"], "num_models": 3}