{"feature_cols": ["Close", "High", "Low", "Open", "Volume", "SMA_5", "SMA_10", "SMA_20", "SMA_50", "EMA_12", "EMA_26", "MACD", "MACD_Signal", "MACD_Hist", "RSI", "Stoch_K", "Stoch_D", "Williams_R", "BB_Upper", "BB_Lower", "BB_Width", "BB_Position", "ATR", "OBV", "OBV_SMA", "Momentum_5", "Momentum_10", "Momentum_20", "Vol_Ratio", "Vol_Change", "Returns", "Returns_5d", "Volatility_10", "Volatility_20", "Price_to_SMA20", "Price_to_SMA50", "SMA_Cross_5_20", "SMA_Cross_20_50", "Trend_Slope_5", "Trend_Slope_10", "Day_Sin", "Day_Cos", "Month_Sin", "Month_Cos"], "num_features": 44, "close_idx": 0, "scaler": {"center": [296.5599975585937, 302.8599853515625, 288.6700134277344, 296.760009765625, 505700.0, 295.4220031738281, 294.2050018310547, 295.67849884033205, 306.6614025878906, 294.06262918251406, 299.09548643934966, 1.0756956313182329, 1.1026690077841192, 0.0412185106538287, 52.823261634951685, 57.69833343380855, 58.36548489366851, -42.30166656596668, 328.2225680485434, 263.49672972964004, 0.1753726164766437, 0.5771445154786832, 13.937140328543526, 52370400.0, 52218520.0, 0.0073421440705319, 0.0131998597886036, 0.0237872980283024, 0.8913043478260868, -0.0043985789206564, 0.0019821769323078, 0.0073421440705319, 0.024582621055546, 0.0253767092435412, 0.0106704424904457, 0.0272968904074029, 1.557499694824216, 2.487499999999997, 0.2599998474121044, 0.2441817081335828, 0.0, 0.3090169943749472, -2.4492935982947064e-16, -1.8369701987210294e-16], "scale": [370.3699951171875, 380.05999755859375, 365.3700103759766, 372.5399932861328, 364200.0, 371.73199462890625, 373.65799102783205, 374.16500091552734, 372.43880172729496, 373.0528268358588, 371.24156779685813, 10.264944125131137, 10.340282475357908, 2.8998355276775034, 24.348957403490353, 53.38835750808889, 49.82796888594926, 53.38835750753277, 412.678837706104, 335.39481860160265, 0.1254270558709477, 0.5184899100382988, 15.149143763950894, 28533200.0, 29021770.0, 0.0761928431111709, 0.1137363069292994, 0.1602580819813256, 0.4976652877414479, 0.5716881823807034, 0.0318093910853978, 0.0761928431111709, 0.0159123627427682, 0.014298509314880803, 0.08873496779024681, 0.1468464089849429, 15.383005523681618, 22.388501739501947, 4.051000976562504, 2.846120383522697, 1.1755705045849463, 1.1180339887498947, 1.3660254037844384, 1.3660254037844388]}, "backtest": {"ensemble_direction_accuracy": 51.0, "mae": 10.42, "rmse": 14.68, "mape": 2.25, "individual_models": [{"name": "conv-lstm", "direction_accuracy": 51.8}, {"name": "gru", "direction_accuracy": 50.2}, {"name": "deep-lstm", "direction_accuracy": 53.9}], "val_actual": [259.72, 250.82, 253.0, 229.06, 227.77, 202.34, 248.91, 259.54, 293.46, 260.56, 262.69, 287.67, 281.85, 304.95, 301.74, 277.44, 252.87, 249.27, 256.17, 271.14, 264.82, 266.54, 258.71, 262.53, 255.35, 265.35, 216.04, 238.2, 252.28, 217.34, 245.04, 250.56, 241.49, 246.56, 245.61, 211.33, 208.76, 192.87, 180.28, 219.18, 207.61, 231.52, 227.43, 222.0, 237.52, 231.04, 235.06, 198.03, 232.3, 226.83, 226.87, 228.54, 216.4, 259.5, 255.21, 244.74, 224.72, 252.59, 167.74, 185.52], "val_predictions": [244.06, 247.52, 250.35, 239.58, 233.71, 217.56, 232.82, 245.94, 268.77, 264.74, 263.81, 275.57, 278.78, 291.67, 296.78, 287.06, 269.55, 259.37, 257.96, 264.68, 264.95, 265.93, 262.46, 262.64, 259.11, 262.36, 238.21, 238.37, 245.39, 231.11, 238.15, 244.45, 243.12, 244.99, 245.45, 227.88, 218.24, 205.28, 192.48, 205.5, 206.65, 218.83, 223.19, 222.7, 230.09, 230.66, 232.94, 214.86, 223.51, 225.28, 226.21, 227.51, 222.02, 240.18, 247.73, 246.37, 235.42, 244.0, 197.59, 191.64]}, "model_names": ["conv-lstm", "gru", "deep-lstm"], "num_models": 3}