{"feature_cols": ["Close", "High", "Low", "Open", "Volume", "SMA_5", "SMA_10", "SMA_20", "SMA_50", "EMA_12", "EMA_26", "MACD", "MACD_Signal", "MACD_Hist", "RSI", "Stoch_K", "Stoch_D", "Williams_R", "BB_Upper", "BB_Lower", "BB_Width", "BB_Position", "ATR", "OBV", "OBV_SMA", "Momentum_5", "Momentum_10", "Momentum_20", "Vol_Ratio", "Vol_Change", "Returns", "Returns_5d", "Volatility_10", "Volatility_20", "Price_to_SMA20", "Price_to_SMA50", "SMA_Cross_5_20", "SMA_Cross_20_50", "Trend_Slope_5", "Trend_Slope_10", "Day_Sin", "Day_Cos", "Month_Sin", "Month_Cos"], "num_features": 44, "close_idx": 0, "scaler": {"center": [231.8712921142578, 234.06536803282077, 228.4824782570643, 230.9388062783065, 24374700.0, 231.5628326416016, 230.3701629638672, 229.91421127319336, 231.7129232788086, 229.99742019816276, 231.5231905389224, 0.827260349042767, 0.8115927861446319, 0.011137721395829, 55.70976237110104, 67.0930559931071, 66.9301847670286, -32.906944006289564, 244.2520938074771, 216.69764222471863, 0.0875122935890747, 0.6564116380515949, 5.105088292495817, 2569052500.0, 2550903400.0, 0.005973786560554, 0.0105061231879342, 0.0218206737331676, 0.9264331918572536, -0.0148152006136305, 0.0009826150784355, 0.005973786560554, 0.0129128589823858, 0.0136526096020433, 0.0104710111631498, 0.0251319889474275, 1.0529125213623018, 1.727074050903326, 0.1816280364990227, 0.1607916629675645, 0.0, 0.3090169943749472, -2.4492935982947064e-16, -1.8369701987210294e-16], "scale": [251.8196029663086, 255.7893859944592, 247.4941134214632, 250.33429275953378, 11871500.0, 245.9216537475586, 239.92006149291996, 234.750910949707, 230.08358032226562, 238.33900134427728, 233.38806739882637, 3.326139001791518, 3.145071508693158, 1.0307511031081962, 22.623568346382882, 49.900891144391814, 46.39630681185989, 49.90089114357415, 247.4885950420142, 224.51572815282208, 0.056252805222276506, 0.4785356369595984, 5.442870018122887, 1969945400.0, 1985559305.0, 0.0380005350478645, 0.0521940603391284, 0.0702220918563405, 0.3452954068964831, 0.3614920343444522, 0.016374172166015298, 0.0380005350478645, 0.0090035284715949, 0.0082354216353649, 0.0407152763010224, 0.0636139490617625, 5.685005187988338, 6.737492065429677, 1.5837478637695273, 1.0917691317471525, 1.1755705045849463, 1.1180339887498947, 1.3660254037844384, 1.3660254037844388]}, "backtest": {"ensemble_direction_accuracy": 50.6, "mae": 4.72, "rmse": 6.74, "mape": 1.09, "individual_models": [{"name": "conv-lstm", "direction_accuracy": 50.8}, {"name": "gru", "direction_accuracy": 47.8}, {"name": "deep-lstm", "direction_accuracy": 51.4}], "val_actual": [399.89, 391.56, 401.44, 398.23, 396.0, 372.12, 393.58, 412.55, 402.84, 383.96, 404.45, 409.38, 406.47, 416.23, 407.25, 409.86, 402.14, 404.0, 398.86, 389.34, 404.4, 398.87, 384.32, 386.27, 374.85, 384.13, 362.75, 369.35, 360.97, 347.8, 361.16, 381.73, 368.57, 377.6, 372.3, 371.7, 376.38, 371.81, 368.68, 398.36, 402.05, 430.16, 429.5, 425.34, 413.4, 430.34, 441.86, 399.26, 433.68, 425.02, 433.73, 419.72, 391.76, 421.21, 412.8, 409.15, 416.56, 427.69, 409.55, 410.21], "val_predictions": [400.07, 395.89, 398.65, 398.24, 396.93, 384.24, 388.99, 400.67, 401.66, 392.68, 398.69, 404.31, 405.86, 411.55, 409.82, 410.33, 406.7, 405.71, 402.6, 396.24, 400.57, 399.97, 392.38, 389.7, 382.66, 383.81, 373.75, 372.2, 367.27, 358.07, 360.29, 371.45, 370.45, 374.52, 373.95, 373.47, 375.55, 374.17, 371.86, 385.3, 393.77, 411.58, 420.22, 422.69, 418.51, 425.06, 432.35, 415.75, 424.79, 425.07, 429.44, 424.41, 407.72, 414.33, 413.21, 410.48, 412.73, 419.57, 413.94, 411.58]}, "model_names": ["conv-lstm", "gru", "deep-lstm"], "num_models": 3}