{"feature_cols": ["Close", "High", "Low", "Open", "Volume", "SMA_5", "SMA_10", "SMA_20", "SMA_50", "EMA_12", "EMA_26", "MACD", "MACD_Signal", "MACD_Hist", "RSI", "Stoch_K", "Stoch_D", "Williams_R", "BB_Upper", "BB_Lower", "BB_Width", "BB_Position", "ATR", "OBV", "OBV_SMA", "Momentum_5", "Momentum_10", "Momentum_20", "Vol_Ratio", "Vol_Change", "Returns", "Returns_5d", "Volatility_10", "Volatility_20", "Price_to_SMA20", "Price_to_SMA50", "SMA_Cross_5_20", "SMA_Cross_20_50", "Trend_Slope_5", "Trend_Slope_10", "Day_Sin", "Day_Cos", "Month_Sin", "Month_Cos"], "num_features": 44, "close_idx": 0, "scaler": {"center": [56.29999923706055, 57.41999816894531, 54.75, 56.29999923706055, 1018300.0, 55.693999481201175, 55.84500045776368, 56.1459997177124, 56.38400032043457, 55.85151515814229, 56.049838146017095, 0.1421157495025724, 0.145992577677069, 0.0203187302737741, 50.89002116788735, 50.9901214445676, 51.38888116093216, -49.00987855048191, 63.11394963709744, 51.05457219278132, 0.2423132454356071, 0.5228777332601382, 3.238928658621652, 9345200.0, 8783290.0, 0.000939009265966, 0.0054574664005073, 0.0044589258181746, 0.8668381523766003, -0.0241945143130913, 0.0, 0.000939009265966, 0.0354031320979351, 0.038618971862441, 0.0044697240032878, 0.0068973080420227, 0.1300000190734884, 0.2270000743865967, 0.0029998779296842, 0.0166667822635534, 0.0, 0.3090169943749472, -2.4492935982947064e-16, -1.8369701987210294e-16], "scale": [213.16000366210935, 219.02000045776367, 208.50000762939453, 213.8600063323975, 1382200.0, 215.04599838256834, 217.07799797058104, 218.45900144577027, 224.43239963531497, 218.06604583863611, 222.93927487786618, 3.465831251902479, 3.2613744265656677, 0.9278085385680934, 25.045323058766762, 55.08121803685799, 52.412593816135555, 55.08121803636981, 254.3160515857638, 177.14213079109615, 0.18398888587486809, 0.5242001012921338, 10.564642224993024, 61459300.0, 62811360.0, 0.102060639994009, 0.1551047099376766, 0.22558450776036448, 0.49217070039582345, 0.5710174865195585, 0.042431777228852094, 0.102060639994009, 0.0252165807587354, 0.0235684262094963, 0.1202592742065226, 0.2075568548793107, 5.555000114440922, 7.12034983634949, 1.3430007934570307, 0.9516971010150299, 1.1755705045849463, 1.1180339887498947, 1.3660254037844384, 1.3660254037844388]}, "backtest": {"ensemble_direction_accuracy": 48.6, "mae": 1.26, "rmse": 1.73, "mape": 4.75, "individual_models": [{"name": "conv-lstm", "direction_accuracy": 49.4}, {"name": "gru", "direction_accuracy": 44.7}, {"name": "deep-lstm", "direction_accuracy": 49.0}], "val_actual": [31.0, 30.16, 27.98, 28.85, 28.68, 34.09, 31.16, 30.3, 30.27, 30.0, 35.75, 37.9, 33.34, 35.26, 32.93, 33.98, 31.13, 34.21, 35.78, 34.66, 34.22, 35.21, 36.82, 32.37, 28.14, 30.33, 31.3, 39.64, 31.61, 38.77, 37.7, 36.78, 35.88, 32.59, 36.69, 38.8, 33.18, 34.82, 41.09, 40.92, 47.11, 41.84, 38.45, 31.02, 46.56, 35.21, 38.07, 32.73, 31.68, 35.81, 41.99, 34.18, 34.31, 39.83, 44.27, 45.17, 46.97, 46.45, 58.61, 42.21], "val_predictions": [29.93, 30.03, 29.21, 29.12, 28.95, 31.47, 31.37, 30.88, 30.63, 30.36, 33.0, 35.35, 34.41, 34.87, 33.91, 33.97, 32.55, 33.4, 34.61, 34.67, 34.48, 34.87, 35.85, 34.08, 30.98, 30.67, 31.01, 35.07, 33.3, 35.94, 36.81, 36.8, 36.34, 34.43, 35.55, 37.14, 35.11, 34.98, 37.92, 39.4, 43.07, 42.46, 40.39, 35.38, 40.58, 37.79, 37.92, 35.23, 33.38, 34.48, 37.67, 35.36, 34.34, 36.49, 39.79, 42.21, 44.76, 45.57, 51.64, 46.66]}, "model_names": ["conv-lstm", "gru", "deep-lstm"], "num_models": 3}