{"feature_cols": ["Close", "High", "Low", "Open", "Volume", "SMA_10", "SMA_20", "SMA_50", "EMA_12", "EMA_26", "MACD", "MACD_Signal", "RSI", "BB_Upper", "BB_Lower", "BB_Width", "ATR", "Vol_Ratio", "ROC_5", "ROC_10", "Returns"], "num_features": 21, "close_idx": 0, "backtest": {"mae": 0.79, "rmse": 1.07, "mape": 3.63, "direction_accuracy": 50.0, "val_predictions": [23.92, 23.85, 23.46, 23.56, 23.61, 23.58, 24.01, 23.6, 23.5, 23.48, 23.92, 24.32, 24.61, 24.81, 25.16, 25.11, 25.37, 25.25, 25.4, 25.15, 25.21, 25.36, 25.79, 25.98, 25.78, 26.06, 26.12, 26.19, 26.27, 26.33, 26.81, 27.12, 27.22, 27.59, 27.35, 27.72, 27.58, 27.87, 28.08, 28.53, 28.77, 28.84, 28.4, 28.49, 29.05, 29.77, 30.24, 30.48, 30.97, 31.4, 31.93, 32.08, 32.33, 32.57, 32.97, 33.34, 33.85, 34.32, 34.86, 35.43], "val_actual": [24.13, 23.95, 24.15, 24.47, 24.23, 25.12, 24.24, 23.66, 23.17, 25.13, 24.96, 24.69, 25.48, 26.44, 25.76, 25.54, 25.11, 26.29, 25.55, 25.8, 25.4, 25.83, 26.01, 26.26, 26.41, 25.89, 26.46, 27.38, 26.48, 27.46, 27.49, 27.45, 28.26, 26.92, 27.92, 27.34, 28.61, 29.08, 29.06, 28.72, 28.62, 27.84, 29.1, 30.37, 31.69, 31.85, 31.1, 32.38, 32.68, 32.59, 31.82, 32.97, 33.61, 34.47, 34.54, 35.87, 36.61, 38.06, 39.11, 39.03]}, "scaler": {"data_min": [3.461979389190674, 3.58254572117132, 3.2725185665922982, 3.479203150902195, 1021800.0, 4.153514575958252, 4.681423616409302, 7.234249715805054, 4.906236572572465, 7.533202491267508, -5.229798478847503, -4.628840426321579, 0.0, 6.797536890884219, -4.755580326257487, 0.0, 0.4821098330958118, 0.2342910953398103, -0.6811831930378218, -0.8233187042633163, -0.5386474083806605], "data_max": [53.15180587768555, 54.45397815404752, 52.59149378187907, 53.86208708715569, 92502300.0, 52.59148635864258, 52.306589126586914, 50.5853352355957, 52.32482891669523, 51.43986377562296, 2.6516282897319456, 2.106559479338392, 99.99999987162076, 54.73024769839135, 51.25268236259041, 3.086665636886889, 2.7889942906003817, 4.673896018593371, 0.8855725874575104, 0.965937166106616, 0.2946636201807786], "data_range": [49.68982648849487, 50.8714324328762, 49.31897521528678, 50.3828839362535, 91480500.0, 48.43797178268432, 47.62516551017761, 43.351085519790644, 47.418592344122764, 43.90666128435545, 7.881426768579448, 6.735399905659971, 99.99999987162076, 47.932710807507135, 56.0082626888479, 3.086665636886889, 2.30688445750457, 4.439604923253561, 1.5667557804953323, 1.7892558703699324, 0.8333110285614391], "close_min": 3.461979389190674, "close_max": 53.15180587768555}}