{"feature_cols": ["Close", "High", "Low", "Open", "Volume", "SMA_10", "SMA_20", "SMA_50", "EMA_12", "EMA_26", "MACD", "MACD_Signal", "RSI", "BB_Upper", "BB_Lower", "BB_Width", "ATR", "Vol_Ratio", "ROC_5", "ROC_10", "Returns"], "num_features": 21, "close_idx": 0, "backtest": {"mae": 27.63, "rmse": 29.88, "mape": 8.5, "direction_accuracy": 48.0, "val_predictions": [307.36, 308.88, 309.85, 310.74, 311.56, 311.95, 311.28, 311.38, 311.98, 312.43, 312.61, 312.78, 311.49, 308.47, 306.98, 305.73, 304.69, 303.46, 302.58, 302.18, 301.85, 301.3, 300.46, 300.05, 299.93, 298.57, 299.09, 299.3, 299.3, 299.13, 299.41, 298.75, 298.71, 298.61, 297.77, 295.84, 295.27, 294.8, 294.06, 293.98, 291.84, 290.52, 290.19, 289.99, 289.75, 290.48, 290.92, 291.02, 290.91, 290.79, 290.31, 289.97, 288.89, 287.62, 287.55, 287.66, 287.1, 285.35, 284.07, 282.89], "val_actual": [354.41, 354.27, 353.88, 352.89, 349.99, 345.77, 353.07, 356.82, 355.15, 351.51, 349.05, 342.49, 327.21, 328.49, 327.08, 327.62, 325.15, 324.61, 325.69, 325.51, 327.81, 324.59, 326.31, 331.12, 321.17, 333.15, 328.25, 329.27, 328.45, 330.9, 324.91, 328.17, 329.24, 324.18, 314.08, 319.5, 320.3, 318.93, 320.95, 306.52, 307.22, 312.99, 316.7, 320.14, 320.51, 320.83, 320.47, 319.8, 317.36, 315.97, 314.43, 308.96, 306.5, 307.14, 310.11, 308.46, 299.02, 299.71, 301.62, 304.44]}, "scaler": {"data_min": [68.49224853515625, 69.2381959451672, 68.40820092335028, 69.00514954391902, 1640900.0, 69.06107330322266, 69.06107330322266, 69.06107330322266, 69.06107330322266, 69.06107330322266, -13.234744572433897, -10.578746107839986, 0.0, 69.06107330322266, 67.47783393844333, 0.0, 0.5127331701056335, 0.2640352712118042, -0.1649322015303204, -0.2357815396858048, -0.1354720082231685], "data_max": [371.1522521972656, 373.3395482537367, 367.4139828602532, 370.0785154760185, 38379600.0, 366.21396789550784, 362.7327026367187, 354.85340759277346, 365.2417663872966, 359.39073415544897, 9.404219431920184, 8.859762345124397, 99.9999999880813, 379.23609448969165, 352.56508006332376, 0.4129906398592572, 14.923310342395975, 3.846677316956783, 0.219758305845507, 0.248269053206136, 0.1384265728849474], "data_range": [302.6600036621094, 304.1013523085695, 299.00578193690296, 301.0733659320995, 36738700.0, 297.1528945922852, 293.67162933349607, 285.7923342895508, 296.18069308407394, 290.3296608522263, 22.63896400435408, 19.438508452964385, 99.9999999880813, 310.175021186469, 285.08724612488044, 0.4129906398592572, 14.410577172290342, 3.582642045744979, 0.38469050737582744, 0.48405059289194075, 0.2738985811081159], "close_min": 68.49224853515625, "close_max": 371.1522521972656}}