{"feature_cols": ["Close", "High", "Low", "Open", "Volume", "SMA_5", "SMA_10", "SMA_20", "SMA_50", "EMA_12", "EMA_26", "MACD", "MACD_Signal", "MACD_Hist", "RSI", "Stoch_K", "Stoch_D", "Williams_R", "BB_Upper", "BB_Lower", "BB_Width", "BB_Position", "ATR", "OBV", "OBV_SMA", "Momentum_5", "Momentum_10", "Momentum_20", "Vol_Ratio", "Vol_Change", "Returns", "Returns_5d", "Volatility_10", "Volatility_20", "Price_to_SMA20", "Price_to_SMA50", "SMA_Cross_5_20", "SMA_Cross_20_50", "Trend_Slope_5", "Trend_Slope_10", "Day_Sin", "Day_Cos", "Month_Sin", "Month_Cos"], "num_features": 44, "close_idx": 0, "scaler": {"center": [28.594213485717773, 29.136639097302435, 28.13444151348296, 28.63128688852334, 5549200.0, 28.6282154083252, 28.659095191955565, 28.675575160980223, 28.690365142822262, 28.75407629629829, 28.67730964357801, 0.0094026055135714, 0.0105063792782304, 0.0216533874360086, 50.87163043088254, 52.778072937448016, 52.0694855751222, -47.22192705975961, 31.154820492695677, 26.55575726770127, 0.1739341566005637, 0.5120730487125131, 1.0280586267002128, 555785600.0, 553031005.0, 0.0035298721465795, 0.001085806282105, 0.0030054615383765, 0.9095850731320472, -0.0158936047943518, 0.0008453687996363, 0.0035298721465795, 0.0261601077683532, 0.0272159899014799, 0.0019342431484787, 0.0021985324140545, 0.0170908927917494, 0.0, 0.0214225769042913, 0.0072070670850353, 0.0, 0.3090169943749472, -2.4492935982947064e-16, -1.8369701987210294e-16], "scale": [15.554416656494137, 15.789535488261311, 15.353788203372929, 15.625807791045219, 4082900.0, 15.433691406249999, 15.549534034729003, 15.54003200531006, 15.253553390502937, 15.280673283651893, 15.383542318188852, 1.1410839631795504, 1.0512151164578025, 0.3680535596972557, 25.941708601783837, 56.996923351770995, 54.22471124538579, 56.99692335284775, 16.40760425725548, 14.716224856697249, 0.12775244551990939, 0.5482223287355596, 0.46946853226343777, 742860200.0, 744219660.0, 0.0806047550862658, 0.1237701138681991, 0.17606208585248528, 0.3928169791906385, 0.4345529441630154, 0.0336830905824474, 0.0806047550862658, 0.014170553501153198, 0.011522592069070896, 0.0954227225892706, 0.1516127947977033, 2.015723609924315, 2.4433573532104447, 0.48947429656983055, 0.35669638893821043, 1.1755705045849463, 1.1180339887498947, 1.3660254037844384, 1.3660254037844388]}, "backtest": {"ensemble_direction_accuracy": 56.3, "mae": 0.47, "rmse": 0.64, "mape": 2.08, "individual_models": [{"name": "conv-lstm", "direction_accuracy": 52.0}, {"name": "gru", "direction_accuracy": 52.9}, {"name": "deep-lstm", "direction_accuracy": 54.1}], "val_actual": [24.13, 23.78, 24.35, 24.79, 23.99, 26.05, 23.39, 23.08, 22.69, 27.26, 24.8, 24.41, 26.3, 27.44, 25.11, 25.31, 24.69, 27.52, 24.83, 26.05, 25.01, 26.27, 26.19, 26.51, 26.56, 25.38, 27.04, 28.33, 25.61, 28.48, 27.52, 27.41, 29.09, 25.64, 28.96, 26.77, 29.94, 29.56, 29.04, 28.38, 28.52, 27.08, 30.42, 31.7, 33.07, 32.01, 30.37, 33.71, 32.98, 32.5, 31.07, 34.16, 34.26, 35.35, 34.61, 37.25, 37.37, 39.57, 40.19, 38.95], "val_predictions": [24.08, 23.9, 24.16, 24.34, 23.98, 24.81, 23.95, 23.45, 23.05, 25.09, 24.9, 24.63, 25.43, 26.38, 25.71, 25.48, 25.07, 26.24, 25.5, 25.75, 25.34, 25.75, 25.93, 26.18, 26.33, 25.82, 26.41, 27.32, 26.43, 27.41, 27.42, 27.38, 28.18, 26.82, 27.82, 27.26, 28.52, 28.98, 28.96, 28.62, 28.52, 27.74, 28.98, 30.25, 31.55, 31.71, 30.99, 32.28, 32.59, 32.5, 31.73, 32.89, 33.54, 34.43, 34.53, 35.9, 36.68, 38.15, 39.24, 39.21]}, "model_names": ["conv-lstm", "gru", "deep-lstm"], "num_models": 3}