{"feature_cols": ["Close", "High", "Low", "Open", "Volume", "SMA_5", "SMA_10", "SMA_20", "SMA_50", "EMA_12", "EMA_26", "MACD", "MACD_Signal", "MACD_Hist", "RSI", "Stoch_K", "Stoch_D", "Williams_R", "BB_Upper", "BB_Lower", "BB_Width", "BB_Position", "ATR", "OBV", "OBV_SMA", "Momentum_5", "Momentum_10", "Momentum_20", "Vol_Ratio", "Vol_Change", "Returns", "Returns_5d", "Volatility_10", "Volatility_20", "Price_to_SMA20", "Price_to_SMA50", "SMA_Cross_5_20", "SMA_Cross_20_50", "Trend_Slope_5", "Trend_Slope_10", "Day_Sin", "Day_Cos", "Month_Sin", "Month_Cos"], "num_features": 44, "close_idx": 0, "scaler": {"center": [80.875, 81.89500045776367, 78.97000122070312, 80.7599983215332, 53380950.0, 80.91999893188476, 80.52249946594239, 80.7330005645752, 80.65600021362305, 80.51695266502283, 80.62299068185202, 0.23214659981273383, 0.24364317745737915, 0.02079321299242115, 53.364872363498044, 56.41936289348796, 55.88674493289916, -43.580637105428124, 88.01071633142482, 72.83718929490054, 0.21153425128976822, 0.581406920004532, 3.1860705784388954, 4886402700.0, 4867836670.0, 0.00899822577190795, 0.016334745802008152, 0.0241535433141931, 0.9101545785854145, -0.02487152380097575, 0.0008331806272129001, 0.00899822577190795, 0.02959668485583835, 0.03099768067805355, 0.01311625968871305, 0.0292465715827818, 0.2540001392364495, 0.4956499934196472, 0.05549998283386155, 0.0477272235985942, 0.0, 0.3090169943749472, -2.4492935982947064e-16, -1.8369701987210294e-16], "scale": [96.84500074386597, 98.36999750137329, 95.34750175476073, 96.86000204086304, 36665300.0, 96.93699913024903, 96.01950063705443, 95.96962523460388, 94.22750006675722, 95.97562540659408, 94.04622793404724, 2.20048080478508, 2.145212476740615, 0.7610901099735687, 26.239237138441425, 54.96273189214579, 51.20386376902182, 54.96273189285925, 104.47987253152053, 87.90260829876867, 0.1484845874907112, 0.529116611366278, 4.113927125930786, 2550086050.0, 2574987300.0, 0.09365029413590018, 0.14022103925344065, 0.21527091975242846, 0.38840609077169264, 0.3833623173158083, 0.03713619252868977, 0.09365029413590018, 0.015984376510110726, 0.014327058114391725, 0.1111541293006626, 0.18953533376865617, 4.236624813079839, 5.572950162887586, 1.0545010089874272, 0.7491817647760581, 1.1755705045849463, 1.1180339887498947, 1.3660254037844384, 1.3660254037844388]}, "backtest": {"ensemble_direction_accuracy": 47.1, "mae": 4.49, "rmse": 7.47, "mape": 2.5, "individual_models": [{"name": "conv-lstm", "direction_accuracy": 48.2}, {"name": "gru", "direction_accuracy": 47.1}, {"name": "deep-lstm", "direction_accuracy": 51.8}], "val_actual": [208.71, 198.93, 197.2, 206.67, 196.98, 193.11, 232.59, 207.92, 196.74, 196.8, 197.04, 183.58, 213.84, 196.86, 185.66, 213.48, 203.78, 206.44, 190.9, 189.14, 199.82, 196.04, 202.66, 211.25, 197.47, 204.04, 208.1, 236.25, 188.51, 200.23, 190.27, 211.1, 217.22, 225.04, 222.89, 222.89, 242.59, 241.56, 253.74, 248.63, 263.59, 261.21, 299.97, 278.52, 271.55, 294.36, 323.69, 307.21, 396.2, 321.95, 312.18, 351.61, 372.77, 366.69, 323.54, 369.53, 484.6, 395.93, 507.27, 462.42], "val_predictions": [207.85, 203.6, 200.66, 203.97, 200.74, 197.17, 214.45, 211.39, 204.14, 200.66, 199.11, 191.42, 202.56, 199.93, 192.93, 203.24, 203.77, 205.39, 198.06, 193.43, 196.36, 195.83, 198.79, 204.51, 200.6, 201.92, 204.51, 219.07, 202.31, 200.52, 194.56, 201.9, 208.78, 216.25, 219.28, 220.92, 231.21, 236.08, 244.34, 246.02, 253.97, 256.72, 277.37, 277.8, 274.57, 284.57, 303.92, 306.08, 348.93, 335.44, 324.02, 337.96, 355.3, 361.29, 342.26, 355.94, 422.0, 408.67, 454.86, 457.86]}, "model_names": ["conv-lstm", "gru", "deep-lstm"], "num_models": 3}