{"feature_cols": ["Close", "High", "Low", "Open", "Volume", "SMA_5", "SMA_10", "SMA_20", "SMA_50", "EMA_12", "EMA_26", "MACD", "MACD_Signal", "MACD_Hist", "RSI", "Stoch_K", "Stoch_D", "Williams_R", "BB_Upper", "BB_Lower", "BB_Width", "BB_Position", "ATR", "OBV", "OBV_SMA", "Momentum_5", "Momentum_10", "Momentum_20", "Vol_Ratio", "Vol_Change", "Returns", "Returns_5d", "Volatility_10", "Volatility_20", "Price_to_SMA20", "Price_to_SMA50", "SMA_Cross_5_20", "SMA_Cross_20_50", "Trend_Slope_5", "Trend_Slope_10", "Day_Sin", "Day_Cos", "Month_Sin", "Month_Cos", "SPY_Ret", "SPY_SMA_Ratio", "VIX_Level", "VIX_Change", "Sector_Ret", "Sector_Relative"], "num_features": 50, "close_idx": 0, "scaler": {"center": [131.99031829833984, 133.1522299196934, 130.9617567992139, 132.21740455145851, 25861400.0, 131.71767578125, 131.09109649658205, 130.50150413513182, 129.86814109802248, 130.9321429360657, 130.45828734659233, 0.7365616035915181, 0.7489593448858537, 0.0160819599203162, 56.60376549774698, 69.95530231197662, 68.97871539930681, -30.04469768305753, 134.15296788312088, 126.88870769008886, 0.0884226028805371, 0.6734916719796813, 2.9186567377465624, 1693504950.0, 1667110140.0, 0.0067752954858246, 0.0126565493434833, 0.0252223472196344, 0.9305744646855428, -0.0147337782907612, 0.0009825537426566, 0.0067752954858246, 0.0131711778607708, 0.0138819810958809, 0.0117844487800153, 0.0295826318075103, 0.968052864074707, 1.6232624816894514, 0.1330589294433567, 0.1380084875858208, 0.0, 0.3090169943749472, -2.4492935982947064e-16, 6.123233995736766e-17, 0.0005991413295245, 0.0085517032395259, -0.1335000038146973, -0.0074657943019088, 0.0012678792440428, -0.0001587750920173], "scale": [149.97601318359375, 150.88125114482784, 148.2770609874899, 150.20349966317949, 12330300.0, 150.04115753173826, 149.39112281799322, 147.80727729797366, 151.77825210571288, 150.47288131460104, 151.27176228211732, 2.0055435195302493, 1.8524455659862067, 0.6175182746638578, 21.443165581273007, 46.164560660829494, 42.87127455057942, 46.164560658718955, 158.48844370168754, 138.70091826866758, 0.059357296234865804, 0.4371418764290021, 4.033960524902477, 1860088700.0, 1889258695.0, 0.0380606918564472, 0.0499783583088646, 0.0647055919748333, 0.366364012497406, 0.3569795371425845, 0.016327868613579502, 0.0380606918564472, 0.010531238104066299, 0.009785858829612798, 0.0364254814136081, 0.0551652578654323, 3.375796318054171, 4.261282381330204, 1.0890670776367088, 0.6744152762673077, 1.1755705045849463, 1.1180339887498947, 1.3660254037844384, 1.3660254037844388, 0.0096083849174038, 0.0240631108355499, 0.5060000419616699, 0.07925355501597489, 0.0138410349995709, 0.007291302154007]}, "backtest": {"ensemble_direction_accuracy": 52.9, "mae": 4.61, "rmse": 6.67, "mape": 1.07, "individual_models": [{"name": "conv-lstm", "direction_accuracy": 51.6}, {"name": "gru", "direction_accuracy": 53.7}, {"name": "deep-lstm", "direction_accuracy": 53.3}], "val_actual": [399.89, 391.56, 401.44, 398.23, 396.0, 372.12, 393.58, 412.55, 402.84, 383.96, 404.45, 409.38, 406.47, 416.23, 407.25, 409.86, 402.14, 404.0, 398.86, 389.34, 404.4, 398.87, 384.32, 386.27, 374.85, 384.13, 362.75, 369.35, 360.97, 347.8, 361.16, 381.73, 368.57, 377.6, 372.3, 371.7, 376.38, 371.81, 368.68, 398.36, 402.05, 430.16, 429.5, 425.34, 413.4, 430.34, 441.86, 399.26, 433.68, 425.02, 433.73, 419.72, 391.76, 421.21, 412.8, 409.15, 416.56, 427.69, 409.55, 410.21], "val_predictions": [400.96, 396.53, 399.29, 399.07, 397.87, 385.12, 389.69, 401.33, 402.46, 393.48, 399.15, 404.3, 405.47, 410.74, 408.81, 409.16, 405.37, 404.45, 401.51, 395.35, 399.89, 399.51, 392.06, 389.46, 382.46, 383.76, 373.55, 371.88, 366.8, 357.58, 359.78, 371.02, 370.17, 374.18, 373.5, 372.77, 374.7, 373.33, 371.17, 384.71, 393.44, 411.52, 420.56, 423.0, 418.28, 424.41, 433.26, 416.06, 424.91, 425.08, 429.45, 424.55, 407.63, 414.11, 413.19, 410.92, 413.54, 420.32, 414.66, 412.21], "multi_step": {"mae": 21.3, "rmse": 26.99, "direction_accuracy_5d": 60.0, "rollout_length": 60, "actual": [424.74, 422.31, 395.31, 410.05, 406.42, 413.05, 426.34, 419.36, 417.54, 426.17, 431.71, 443.6, 436.2, 437.65, 448.19, 438.39, 439.12, 447.84, 439.63, 448.19, 447.33, 447.49, 435.24, 460.5, 455.68, 456.1, 468.12, 458.72, 446.89, 466.75, 437.52, 446.37, 448.31, 439.19, 431.76, 431.41, 428.09, 442.86, 440.81, 408.01, 402.71, 426.49, 422.48, 413.55, 408.31, 410.33, 394.71, 377.15, 398.73, 391.95, 401.57, 403.92, 402.16, 415.72, 414.13, 421.08, 411.12, 419.7, 423.15, 418.58], "predicted": [424.75, 425.07, 425.4, 425.72, 426.06, 426.38, 426.73, 427.16, 427.61, 428.06, 428.5, 428.93, 429.38, 429.84, 430.32, 430.78, 431.25, 431.74, 432.23, 432.72, 433.21, 433.71, 434.21, 434.71, 435.21, 435.72, 436.22, 436.72, 437.23, 437.75, 438.28, 438.82, 439.35, 439.9, 440.45, 441.0, 441.53, 442.07, 442.63, 443.17, 443.71, 444.23, 444.76, 445.29, 445.81, 446.32, 446.81, 447.32, 447.85, 448.37, 448.89, 449.4, 449.92, 450.47, 451.02, 451.56, 452.11, 452.67, 453.25, 453.84]}, "baselines": {"naive_always_up": 52.9, "persistence": 49.8, "xgboost": {"walk_forward_folds": [45.3, 53.9, 47.3], "walk_forward_mean": 48.8, "held_out_test": 51.6}}, "verdict": {"rating": "matches_baseline", "message": "ensemble matches baselines (within 0.0%) - the deep models are not earning their keep", "best_baseline_acc": 52.9, "margin": 0.0}}, "model_names": ["conv-lstm", "gru", "deep-lstm"], "num_models": 3, "version": "7.1"}