{"feature_cols": ["Close", "High", "Low", "Open", "Volume", "SMA_5", "SMA_10", "SMA_20", "SMA_50", "EMA_12", "EMA_26", "MACD", "MACD_Signal", "MACD_Hist", "RSI", "Stoch_K", "Stoch_D", "Williams_R", "BB_Upper", "BB_Lower", "BB_Width", "BB_Position", "ATR", "OBV", "OBV_SMA", "Momentum_5", "Momentum_10", "Momentum_20", "Vol_Ratio", "Vol_Change", "Returns", "Returns_5d", "Volatility_10", "Volatility_20", "Price_to_SMA20", "Price_to_SMA50", "SMA_Cross_5_20", "SMA_Cross_20_50", "Trend_Slope_5", "Trend_Slope_10", "Day_Sin", "Day_Cos", "Month_Sin", "Month_Cos", "SPY_Ret", "SPY_SMA_Ratio", "VIX_Level", "VIX_Change", "Sector_Ret", "Sector_Relative"], "num_features": 50, "close_idx": 0, "scaler": {"center": [16.739999771118164, 17.18000030517578, 16.31999969482422, 16.799999237060547, 42030900.0, 16.729999542236328, 16.788999938964842, 16.757999849319457, 16.210799865722656, 16.766983981948144, 16.7879720057776, -0.036621643685434, -0.0211839855600236, 0.017959827923172, 49.99999997569445, 46.86567053566779, 46.91943698960216, -53.134329461347136, 19.20494730248967, 13.980152773602082, 0.2498330156847472, 0.4677045891322297, 0.8967857360839844, -574616700.0, -565296995.0, 0.0039612744413679, 0.0, -0.0121950524538331, 0.8764201351592334, -0.0098796491021181, -0.0009229560541419, 0.0039612744413679, 0.0363522538946617, 0.0371212438564567, -0.0062304039861368, -0.0122691159611105, -0.0115000963211056, 0.0156000185012814, 0.0139999389648407, 0.0143030571215085, 0.0, 0.3090169943749472, 1.2246467991473532e-16, 6.123233995736766e-17, 0.0006086664373075, 0.0099262879643857, -0.0489999771118163, -0.0079185173773698, 0.0009363596710243, -0.0016491899099706], "scale": [13.75, 13.999999046325684, 13.409999847412111, 13.710000038146976, 27977700.0, 13.830000305175778, 13.677250194549558, 13.6425000667572, 13.559399900436402, 13.805503577513536, 13.74056351010075, 0.9450563241980952, 0.8926305201991681, 0.2770702755603402, 25.010880331371027, 55.3728207263416, 52.677898130459724, 55.37282072578059, 14.96744304428505, 12.915930646586482, 0.17212451188825542, 0.5479989134979786, 0.5127856390816825, 1238452100.0, 1242296980.0, 0.1129306781348139, 0.1546024678566244, 0.2380143588083394, 0.4325352040840894, 0.4352159166212569, 0.0453155125815036, 0.1129306781348139, 0.021878459251768602, 0.019819550183776402, 0.1307690223851814, 0.2151807286840613, 1.4985001564025886, 2.0400000572204595, 0.3590000152587858, 0.28193939671371937, 1.1755705045849463, 1.1180339887498947, 1.366025403784439, 1.7320508075688772, 0.011728100467271449, 0.0292105041686914, 0.3635000228881835, 0.0742726986863688, 0.0181813130345227, 0.036935221724820305]}, "backtest": {"ensemble_direction_accuracy": 53.5, "mae": 4.45, "rmse": 6.01, "mape": 2.95, "individual_models": [{"name": "conv-lstm", "direction_accuracy": 48.0}, {"name": "gru", "direction_accuracy": 50.9}, {"name": "deep-lstm", "direction_accuracy": 54.3}], "val_actual": [133.73, 134.65, 137.78, 134.4, 135.59, 126.12, 127.1, 139.76, 137.71, 138.45, 153.61, 149.3, 159.4, 152.15, 161.78, 155.7, 146.03, 152.06, 155.42, 148.44, 154.51, 157.48, 150.49, 158.65, 145.84, 171.69, 148.95, 155.14, 140.51, 138.7, 132.25, 155.56, 146.7, 150.46, 147.4, 152.24, 132.03, 120.97, 125.68, 136.83, 139.11, 148.91, 143.37, 150.11, 145.39, 146.05, 159.57, 131.32, 144.63, 143.11, 139.29, 134.83, 140.26, 149.21, 148.02, 126.49, 131.7, 140.39, 138.55, 135.99], "val_predictions": [133.45, 135.01, 137.3, 136.43, 136.99, 132.03, 129.99, 135.48, 137.37, 138.82, 146.68, 148.32, 154.02, 153.08, 157.64, 156.75, 152.13, 153.25, 154.75, 152.21, 154.1, 157.07, 154.88, 157.78, 152.94, 163.27, 157.29, 157.6, 150.49, 146.07, 139.35, 146.97, 147.39, 149.44, 149.05, 151.53, 142.3, 131.86, 129.29, 133.72, 137.55, 144.47, 145.12, 148.63, 147.91, 147.71, 154.16, 142.93, 144.6, 145.18, 143.49, 139.94, 140.84, 146.0, 148.26, 137.95, 135.99, 139.4, 140.06, 139.36], "multi_step": {"mae": 22.96, "rmse": 25.08, "direction_accuracy_5d": 65.5, "rollout_length": 60, "actual": [104.54, 87.35, 94.86, 87.91, 97.29, 108.15, 115.22, 118.01, 116.55, 117.53, 120.85, 114.0, 132.92, 123.26, 95.75, 112.12, 128.5, 115.48, 119.63, 138.52, 132.29, 126.09, 130.94, 123.22, 124.85, 115.77, 124.02, 124.34, 123.47, 124.13, 120.9, 141.97, 132.3, 134.31, 126.92, 110.59, 136.04, 136.55, 133.56, 140.07, 134.0, 139.65, 145.54, 135.06, 141.74, 134.69, 142.59, 146.62, 142.57, 145.61, 118.5, 142.14, 125.27, 133.58, 136.64, 144.05, 140.3, 146.63, 141.87, 141.7], "predicted": [93.17, 93.63, 94.17, 94.78, 95.51, 96.67, 98.12, 99.8, 101.4, 102.76, 104.03, 105.09, 105.89, 106.46, 106.94, 106.53, 106.82, 106.44, 105.87, 105.17, 104.42, 103.95, 103.52, 103.13, 102.51, 101.8, 101.02, 100.17, 99.35, 98.66, 98.11, 98.51, 99.17, 100.13, 101.34, 102.57, 103.79, 104.89, 105.98, 107.07, 108.03, 108.84, 109.55, 110.16, 110.66, 111.02, 110.81, 110.49, 110.1, 109.7, 109.29, 108.9, 108.54, 108.24, 108.48, 108.79, 109.17, 109.65, 110.16, 110.66]}, "baselines": {"naive_always_up": 55.8, "persistence": 51.7, "xgboost": {"walk_forward_folds": [50.0, 53.7, 41.9], "walk_forward_mean": 48.5, "held_out_test": 49.4}}, "verdict": {"rating": "underperforms", "message": "ensemble loses to a baseline by 2.2% - simpler model would be better here", "best_baseline_acc": 55.8, "margin": -2.2}}, "model_names": ["conv-lstm", "gru", "deep-lstm"], "num_models": 3, "version": "7.1"}